PaperID,CitID,Label
P99-1065,11,0
N13-1090,0,0
W99-0625,5,0
W00-1303,9,0
P03-1002,16,0
P02-1033,1,0
H91-1026,5,0
A00-1031,14,1
J00-2004,10,0
P94-1013,10,0
W99-0613,8,0
D10-1119,2,0
P05-1071,18,0
D09-1005,17,0
C00-2137,19,1
W04-3207,1,0
J02-1002,11,1
J97-1005,5,1
P05-1059,12,0
J03-3002,11,0
W06-2915,7,1
D10-1125,13,0
P95-1050,3,0
H94-1020,7,0
N09-1009,17,1
W04-3250,10,0
P93-1041,6,0
P07-1004,7,0
P03-1058,11,1
W97-0301,15,0
D08-1014,0,0
P06-1101,11,0
P08-1004,10,0
P02-1050,16,0
P07-1094,16,0
P00-1027,4,0
A00-1043,11,0
D07-1096,6,0
W02-1502,3,0
N04-1042,9,0
C02-1144,11,0
P08-1084,8,0
P03-1002,12,1
N09-1009,7,1
P06-1123,19,1
P04-1066,18,0
N10-1063,8,0
N01-1023,5,0
P94-1019,1,0
D10-1115,12,1
C10-2005,6,0
W04-3212,15,0
C04-1111,18,0
P04-1085,0,0
W06-1203,11,0
J09-3003,10,0
W05-1203,9,1
D08-1027,12,0
E06-1015,0,0
J96-1002,17,1
P97-1013,14,0
N01-1024,12,0
P84-1075,0,0
C08-1114,3,0
D09-1098,14,1
P00-1065,5,0
A00-1043,14,0
P10-1052,4,0
J07-3004,2,0
P06-1014,7,0
W02-2016,12,0
C02-1114,0,0
P03-1010,6,1
P93-1002,16,0
C04-1200,17,0
H05-1043,14,1
J08-4004,19,0
W04-3230,19,0
D09-1159,13,0
J82-3004,4,0
P07-1028,14,0
P93-1001,7,0
P01-1008,19,0
W06-1203,1,0
J92-4003,0,0
W99-0629,10,0
E09-1013,12,0
J97-3003,16,0
C04-1072,5,0
P07-1036,19,0
P99-1014,4,0
C02-1139,14,0
P10-2041,18,0
P97-1009,17,0
J98-1001,10,1
J97-1003,17,0
D09-1030,10,0
D08-1031,10,0
W96-0102,1,0
H05-2018,8,0
H05-2018,10,0
P11-1055,12,0
W07-0717,4,0
A00-2030,5,0
P96-1006,1,0
N10-1115,10,0
P07-1106,12,1
P99-1069,10,0
P05-1059,10,1
P05-1072,5,0
P08-1109,9,0
P07-1107,7,0
P01-1008,7,0
D09-1159,2,0
P98-1029,2,1
C94-2195,18,0
A97-1030,2,0
D07-1114,2,0
W02-1039,15,0
C02-1144,8,1
P04-1014,11,0
P92-1017,5,0
C94-1079,15,1
N01-1021,6,0
N03-1033,12,0
P09-1058,8,0
J10-4006,2,0
J94-2001,8,0
D07-1061,0,0
W11-0705,1,0
H91-1060,10,1
J98-2004,4,0
W00-0730,4,1
W01-0513,10,0
P04-1054,10,0
N04-1030,4,0
J93-2004,9,1
I05-3027,17,0
D08-1031,8,0
J96-1001,1,0
P96-1011,4,1
E06-1032,0,0
A00-1043,7,0
C96-1021,19,0
P03-1071,11,0
C04-1197,15,1
J97-1003,10,0
P99-1059,13,0
P06-1134,19,0
P05-1047,13,0
W04-1013,9,0
P94-1019,3,0
E06-1027,1,1
C04-1146,2,0
P83-1007,1,0
C10-2005,3,0
D09-1120,16,1
P04-1054,17,0
C08-1114,4,0
W04-3250,7,0
W06-1615,19,0
P95-1037,3,0
P02-1040,15,0
W06-2922,2,0
N07-1047,8,0
P11-1038,14,0
P03-1071,17,0
P00-1058,19,1
P98-2127,11,0
J97-3003,0,0
W06-1607,5,0
P05-1045,17,0
P09-1040,17,0
N06-1033,7,0
W06-1616,13,0
J08-1002,14,0
W97-0703,5,0
W07-0702,12,0
D09-1098,4,0
W08-0336,3,0
P04-3022,0,0
P97-1017,9,0
P04-1014,6,0
N07-1038,5,0
A00-2031,19,0
P98-1010,1,0
P03-1001,10,0
P04-1015,19,0
W09-0441,16,0
I05-2038,14,0
N04-4026,5,0
E87-1002,0,0
P06-1004,9,0
W97-1306,0,0
N09-1012,2,0
W97-0301,4,0
W02-1018,17,0
P11-1020,4,0
P03-1029,9,0
N04-1033,2,0
P05-1011,7,1
E06-1043,1,0
D07-1097,17,0
N09-1046,14,0
P06-2101,0,1
P98-1013,5,0
C00-2137,18,0
P07-1123,13,0
J95-2003,10,0
W02-0603,11,0
P01-1008,12,0
W02-1011,13,0
D07-1074,7,0
P02-1033,4,1
P07-1106,11,0
D07-1101,17,0
W04-2406,3,0
P03-1035,7,0
C88-2121,7,0
H05-1091,5,0
A00-2026,9,0
W06-2933,6,0
J87-1004,6,0
C96-1021,6,0
P93-1032,6,0
W97-0703,8,0
P00-1056,11,0
P92-1017,0,0
W04-3252,16,0
W97-1306,4,0
A00-2004,10,0
P05-3026,8,0
N06-1006,12,1
P09-1058,11,0
P02-1006,4,0
C04-1080,1,0
P90-1005,2,0
W02-1503,4,0
D11-1006,9,0
P98-1034,2,0
H05-1059,1,0
P07-1121,3,0
J04-4004,3,0
J01-4004,17,0
P99-1014,10,0
P99-1008,18,0
W03-0428,2,0
W04-3252,15,0
W04-3205,0,0
P02-1042,12,0
P07-1123,6,0
W02-1502,0,0
D07-1091,10,0
D07-1007,8,0
W06-3808,4,0
P08-1090,16,0
W05-0602,1,0
D10-1125,19,0
W09-1105,18,0
D08-1027,10,0
N09-1012,11,0
P94-1019,8,0
D09-1127,1,0
I05-2038,9,0
W01-0514,9,0
J91-4003,10,0
P99-1048,17,0
P04-1035,7,0
A00-2030,13,0
C04-1080,4,0
W08-1301,18,0
P06-1121,4,0
P93-1016,13,0
J86-3001,1,0
W02-0902,3,0
W04-0807,5,0
C00-2137,13,1
P06-2006,8,0
P03-1022,17,1
C04-1046,15,1
N07-1071,10,1
H94-1048,3,0
C94-1027,3,0
P03-1029,1,0
W05-1506,11,0
J93-2003,18,0
P98-2180,3,1
J07-4004,4,0
W95-0103,0,0
J01-3001,1,0
P99-1004,7,1
P11-1020,2,0
W06-1642,9,0
P98-1112,0,0
C08-1109,5,0
W00-0726,14,0
P08-1088,4,0
W07-0733,0,0
C00-2163,0,1
P06-2094,2,0
P97-1009,3,0
C92-2066,6,0
P06-1095,14,0
N09-1009,6,0
D08-1021,3,0
P05-1022,9,0
W04-2705,18,0
J06-1003,19,0
W07-0717,8,1
J03-1002,19,0
N06-1006,3,0
W07-2018,16,0
W02-2018,19,0
P01-1005,1,0
J03-3005,7,0
N09-1003,2,1
N04-1001,15,0
P06-1009,3,0
P06-1104,7,0
A94-1009,0,1
N06-1014,7,0
W95-0115,0,0
D08-1092,16,0
J01-3001,0,1
W08-0309,10,0
P99-1069,15,0
P06-1115,13,0
W99-0613,7,0
P99-1048,2,0
W07-1401,2,0
P02-1040,18,0
W11-1902,18,1
H91-1026,13,0
W00-1308,0,1
E89-1037,4,0
N10-1019,13,0
W06-1607,16,0
C04-1046,13,0
J94-2001,2,1
C04-1081,8,0
P04-1015,13,0
N10-1056,7,0
J03-1003,10,0
W06-2932,13,0
E99-1010,3,0
W06-1607,8,0
N04-1041,4,0
W96-0214,11,0
N09-1012,16,0
W08-0336,7,0
W09-0432,1,0
D07-1074,6,0
P95-1026,14,0
P07-1091,6,0
P94-1012,6,0
A97-1014,17,0
P09-1042,18,1
P03-1022,8,0
P06-2006,17,0
P92-1005,4,0
D11-1141,10,0
P01-1064,15,0
N03-1033,13,0
J93-2004,8,0
J96-1001,10,0
W04-3237,8,0
W03-0425,4,0
D08-1022,7,0
A00-2026,4,0
P05-1018,18,1
P97-1017,17,0
W07-0733,10,0
P84-1075,4,1
C90-3044,0,0
J98-3005,13,0
W09-1119,7,0
N10-1115,12,0
N04-1043,15,0
P92-1005,1,0
W04-0807,8,0
P01-1030,7,0
P83-1020,3,0
C00-1044,5,0
P93-1023,0,0
P03-2041,19,0
N10-1019,8,0
D08-1016,0,0
P03-1051,12,0
W04-2407,15,0
P93-1003,15,0
A00-2034,10,1
N04-1001,17,1
N10-1056,10,0
H91-1026,17,0
W04-3247,10,0
N04-1019,11,0
W03-1028,8,0
C94-2195,12,0
P99-1059,4,0
A94-1016,8,0
C04-1081,18,0
W04-2705,9,0
W01-1605,13,0
W99-0612,9,0
P96-1006,8,0
D10-1115,5,1
P05-1077,9,1
W04-2401,14,0
P05-1001,13,0
W99-0604,8,1
J05-1004,3,0
P09-1042,15,0
W04-3250,15,0
E06-1038,0,0
C94-1042,5,0
W07-2009,10,0
D09-1127,7,0
D07-1071,5,0
D07-1104,9,0
W06-1607,14,0
W02-1001,14,0
D07-1104,4,0
J07-3004,12,0
A00-2026,0,0
P04-1061,8,0
P91-1022,7,0
P05-1066,11,0
P06-1043,16,0
W95-0115,8,0
N09-1012,5,0
I05-3017,7,0
P89-1009,19,0
P00-1058,0,0
N09-1041,4,1
J90-2002,11,0
W06-1670,12,0
P00-1010,12,0
P05-1010,15,1
N04-1025,5,0
P00-1058,7,1
J99-2004,1,1
P98-1034,5,0
W03-0404,2,0
H05-1043,5,0
W08-2123,13,0
C00-2136,15,0
N09-1037,19,0
P03-1012,7,1
J94-3001,3,0
P99-1016,14,0
J93-2004,15,1
P11-1016,3,1
P09-1057,0,0
D07-1080,1,0
N10-1115,8,0
P93-1041,0,0
J05-4003,12,0
N06-2015,17,0
P05-1017,12,0
W04-3201,6,0
N06-1033,8,0
N03-1022,7,0
W05-0904,6,0
P08-2012,0,0
W03-0407,16,0
J92-4003,13,1
P02-1031,5,0
W96-0213,1,0
N03-1028,4,0
W06-2922,15,1
D09-1098,6,1
W06-2501,8,0
W06-0301,4,0
D08-1035,14,0
J96-2004,18,1
E06-1051,7,0
W97-0322,5,0
D08-1089,1,0
W08-0509,0,0
W06-1616,8,0
C88-1016,8,1
W07-2006,17,0
D10-1125,18,0
E06-1002,6,0
W02-2026,8,1
N09-1028,12,0
P02-1031,10,0
W03-1810,17,1
W06-1651,8,0
W03-0405,7,1
P09-1058,19,0
W98-1115,1,0
P13-1045,8,0
P08-2012,11,0
H91-1026,9,1
D10-1044,6,0
P08-1109,0,0
W10-2805,18,0
W07-0717,13,0
P08-1088,11,0
P93-1041,8,0
D07-1076,7,0
N03-1022,13,0
C04-1059,5,0
P95-1037,11,0
J93-2006,12,0
P98-1012,2,0
W00-1308,10,0
W10-3001,14,1
D11-1006,15,0
D07-1077,8,0
D08-1059,15,1
H01-1035,7,0
C04-1024,2,0
N03-1020,13,0
P07-1034,4,0
P02-1046,18,0
D09-1120,0,0
N06-1039,0,0
C02-2025,11,1
D08-1059,11,0
J99-2004,0,1
D09-1005,13,0
J04-3002,9,1
P93-1035,2,0
P00-1041,2,1
D08-1021,9,0
P04-1018,19,0
A92-1021,15,0
P05-1033,7,0
W00-1303,8,0
A92-1021,0,0
D09-1101,18,0
W01-1605,6,0
P01-1019,1,0
P11-1138,5,1
P03-1044,2,0
P03-1051,8,0
P05-1012,2,0
H01-1035,11,0
W95-0115,14,0
J98-4003,14,0
P91-1023,2,0
H94-1020,0,0
W04-3250,4,0
P09-1113,18,0
W10-3001,2,1
P03-1069,6,0
P06-1011,12,0
P06-2005,10,0
P07-1094,2,0
P98-1013,18,0
W02-0505,8,0
H05-1091,0,0
W06-2932,15,1
P05-1067,3,0
W02-0817,8,0
C04-1024,10,1
W03-1719,19,0
P07-1005,7,0
J93-2005,6,0
N04-1042,4,1
P11-1060,15,1
I05-3017,19,0
W00-1427,3,0
P04-1077,2,0
J98-1001,12,0
D08-1036,5,0
W02-2016,2,0
D09-1005,3,1
W05-1506,17,0
J05-4003,14,0
W99-0625,9,0
A94-1006,2,0
W02-0902,2,0
P09-1026,3,0
E06-1040,0,0
P03-1056,17,0
W04-0807,6,0
P01-1005,8,0
D10-1119,15,0
I05-3017,6,0
D10-1044,0,0
W07-0734,10,0
J09-3003,0,0
P06-1010,5,0
P01-1017,12,0
P06-1103,11,0
P06-1114,4,0
A00-2009,11,1
C00-2163,4,0
W09-1304,15,0
P07-1031,4,0
P96-1011,19,1
P10-1146,14,0
P06-1104,12,0
P02-1017,18,0
W02-2026,2,0
P06-1134,17,0
J04-2003,6,0
C04-1051,17,0
W03-1809,4,0
W05-0909,4,0
P05-1052,0,0
W07-0403,4,0
N01-1025,3,0
N09-1041,6,0
P99-1041,6,1
P08-1102,7,0
D08-1027,1,0
P08-1066,3,0
P03-2026,2,0
P04-1041,7,1
W04-3230,11,0
W99-0629,0,1
P96-1025,18,0
A00-2030,12,1
D09-1127,19,0
J93-2006,10,0
C92-2082,15,0
J10-3003,5,0
D08-1036,14,0
H93-1052,16,0
W01-0513,7,0
P01-1017,1,0
P85-1008,18,1
D08-1035,9,0
W03-1730,8,1
W06-3114,10,0
N04-4038,9,0
P04-1085,14,0
P06-1004,10,1
P08-1086,7,0
D08-1016,17,0
C92-3126,0,0
J00-4003,17,1
D10-1001,6,0
E03-1071,4,0
W02-0505,15,0
W10-0204,4,0
W99-0612,7,1
P98-1029,11,0
P00-1056,1,0
P04-1015,15,0
P07-1125,4,1
N03-1020,17,0
W07-1604,15,0
P01-1067,14,0
W02-0603,4,0
P04-1077,0,0
J93-3003,10,0
W01-0513,6,0
P99-1032,7,0
P05-1018,12,0
P03-1001,1,1
W02-0505,16,0
P98-1029,1,1
P04-1054,15,1
P87-1022,4,0
J99-1003,16,0
C94-2178,0,0
C96-2183,4,0
J05-1004,12,1
P02-1001,19,0
J95-2003,4,0
E06-1042,6,0
N07-1038,4,0
W04-2609,4,0
P95-1026,2,0
P04-1043,9,0
W00-0717,19,0
N10-1056,6,0
N09-1012,18,0
W05-0909,18,0
P87-1015,8,0
P08-1109,7,0
J08-1002,0,0
D10-1115,4,1
J90-1004,15,0
P04-1005,8,0
P02-1046,14,0
A00-2018,19,0
P01-1005,15,0
J01-4004,19,0
A00-2031,14,0
P00-1010,2,0
J93-2003,3,0
A92-1018,7,0
P96-1041,8,0
N04-4038,15,0
W04-2407,9,0
W04-3205,7,0
N03-1003,13,0
P06-1115,5,0
N01-1006,7,0
C02-1114,10,0
C04-1180,14,0
D09-1058,17,0
W04-1013,16,0
W08-2123,8,0
P99-1016,11,1
W04-3206,14,1
J98-3005,12,0
A00-2009,5,0
P98-2182,17,0
W03-1809,2,0
D07-1076,10,0
P86-1004,5,0
P04-1036,16,0
C02-1139,12,0
P98-2127,8,1
P10-1044,10,0
D11-1142,4,0
D07-1096,15,0
P08-1108,4,0
P09-1042,19,0
P98-1012,5,0
J01-2004,6,0
P98-2127,12,0
J98-1001,4,0
N07-1051,13,0
P11-1060,5,1
J07-2003,8,0
J91-4003,11,0
C92-2082,19,0
P05-1045,0,0
W04-3111,11,0
P08-2012,10,0
W06-1639,16,0
P06-1109,16,0
J93-2004,1,0
P08-1066,19,0
E99-1023,8,0
P07-1003,10,0
N01-1008,10,0
P90-1034,17,0
P07-1005,10,0
W00-0712,4,0
W97-0322,15,0
P04-1056,9,0
W08-0336,17,0
W02-1028,14,0
W03-0301,15,0
J98-2002,13,0
P05-1074,5,0
J87-1005,6,0
P05-1011,5,0
P02-1033,8,0
P06-1011,1,0
P06-1084,5,0
C96-1005,0,1
P09-1104,14,0
W02-0817,9,0
J06-1003,8,0
P98-2204,0,0
P96-1025,15,0
W06-2933,1,0
J04-3002,12,0
W03-1719,10,0
P99-1059,2,0
H94-1046,8,0
P01-1005,16,0
A97-1014,12,0
W02-1210,16,0
N03-1024,13,0
P04-1077,12,0
P02-1040,2,0
H05-1004,18,1
D07-1097,6,0
W08-0309,4,0
P98-1013,8,0
P07-1055,11,0
W01-0521,16,0
P03-1069,0,1
C10-1152,19,0
N03-1033,9,0
W04-0308,2,0
W04-2705,17,0
J06-1003,16,0
D07-1111,8,0
E06-1015,9,0
P07-1056,14,0
J05-1004,10,0
P97-1023,11,0
N07-1047,4,0
P09-1077,13,0
J94-2001,19,0
W06-1651,1,1
P06-1097,5,0
P96-1021,3,1
P07-1032,14,0
P07-1065,5,0
P91-1030,3,0
P09-1019,17,0
C00-2163,19,0
D07-1103,1,0
W10-3001,4,0
J98-2001,8,0
P00-1056,16,0
P96-1025,16,0
J08-4004,17,0
P08-1088,1,0
C02-1145,6,0
J00-4003,16,0
P05-1045,5,0
W03-0430,2,0
N09-1028,7,0
C96-2141,6,0
W99-0612,17,0
E09-1013,4,0
P99-1004,15,0
P08-1004,2,0
P05-1065,13,1
N13-1090,10,0
W01-0511,1,0
N09-2004,5,1
D07-1097,11,0
P06-1067,11,0
A00-1031,15,0
W09-1401,8,1
W03-1014,14,0
P08-1101,7,0
P08-1024,7,0
P92-1017,10,0
P05-1077,1,0
P02-1031,16,0
N03-1003,8,0
A92-1021,14,0
W03-0407,14,0
J91-4003,6,0
A00-2030,15,0
N09-1046,8,0
P07-1030,5,0
S12-1053,3,0
P06-1124,12,0
D08-1083,15,0
P96-1006,10,0
N04-1019,6,0
C04-1180,19,0
D09-1092,2,0
W02-1210,4,0
A97-1030,8,0
C94-1027,2,0
P92-1017,11,0
W03-0405,10,0
P11-1038,11,0
J10-3003,16,0
N04-1021,10,0
J05-1003,8,0
P11-2031,13,0
P93-1035,1,0
P02-1050,18,0
D08-1089,5,0
H94-1020,18,0
E06-1025,7,0
P07-1005,5,0
C96-1005,3,0
D07-1111,16,0
P07-1094,8,0
P04-1056,7,0
W06-3119,9,0
C96-2141,9,0
A00-2004,11,0
W03-0301,2,0
D08-1059,14,1
E06-1051,9,0
J02-3001,8,0
E09-1005,12,0
P10-1044,6,0
W03-1028,18,0
W04-3237,10,0
W99-0604,15,0
C92-3126,12,0
W96-0102,7,0
N04-1035,12,0
P05-1065,7,0
P98-1035,0,0
W07-1401,5,0
W03-1006,8,0
J08-4004,2,0
C04-1080,3,0
J05-3002,7,0
P02-1038,3,0
D09-1159,11,0
W02-0505,2,0
P99-1068,18,0
P02-1019,16,0
H91-1026,3,0
N09-1012,0,0
P05-1047,6,0
P93-1005,0,0
D08-1089,15,0
D07-1003,12,0
E06-1002,3,0
P03-1058,17,0
P03-2026,5,0
P03-1029,5,1
C04-1146,6,1
N06-1025,9,1
C04-1146,5,0
P07-1034,7,0
C04-1200,15,0
D08-1036,6,0
J94-4003,13,0
W07-2014,14,0
P83-1007,4,1
N03-1028,16,0
N04-1035,14,0
N04-1041,14,0
E99-1010,19,0
W04-1221,6,0
P11-1038,4,0
P02-1042,5,0
W02-2018,2,1
P97-1003,13,0
D08-1027,7,0
P96-1038,4,0
W02-2026,7,1
N03-1020,19,0
C02-1145,5,0
J08-2002,15,0
P08-1119,4,0
J98-1001,8,1
D10-1115,15,0
W04-2401,16,0
D08-1059,7,0
D11-1142,13,1
N06-1056,0,1
N01-1024,0,0
D07-1091,7,0
W03-1719,18,0
N03-1022,4,0
W11-1901,18,0
P09-1010,7,0
P89-1010,11,0
E03-1071,2,0
P94-1019,10,0
D09-1030,13,0
N07-1051,8,0
P05-1012,9,0
P09-1088,9,0
C04-1010,11,0
W03-0424,13,0
P95-1034,3,0
J08-2005,2,0
J00-1004,7,1
P07-1036,1,0
P99-1014,9,0
P03-1071,18,0
D08-1076,19,0
N01-1021,11,0
J08-1002,10,0
W06-1616,16,0
P02-1042,13,1
D08-1014,7,1
P10-1110,9,0
W03-1006,10,0
N01-1023,1,0
W95-0107,0,0
N10-1019,14,0
D11-1014,16,0
W00-0726,1,0
D07-1072,12,0
P01-1030,4,0
N04-1023,2,0
P03-1011,15,0
C92-1038,7,0
J95-2002,15,0
P05-1071,12,0
J03-4003,6,0
P94-1013,15,0
P04-1041,11,0
J06-3003,16,0
D08-1059,0,1
N06-1006,8,0
P87-1022,14,0
J10-4006,15,1
J01-2002,9,0
D07-1096,11,0
H05-1045,2,0
P00-1056,6,1
J03-3002,17,0
C92-1038,4,0
P10-1040,3,0
W00-0712,15,0
C04-1072,6,0
E06-1002,9,0
P91-1023,13,0
P99-1067,6,0
P09-1104,18,0
W02-1001,0,1
P06-1101,8,0
H92-1045,2,0
P00-1010,6,0
N01-1008,8,0
D07-1072,11,0
P04-1015,3,0
P03-1021,19,0
P11-1060,19,0
N01-1026,12,0
J99-4004,6,1
W07-1401,14,0
P06-1123,9,0
J86-3001,4,0
P03-1071,13,0
N07-1047,0,0
P05-1065,19,0
W97-0301,2,0
P08-1119,5,0
J98-1006,17,0
J93-1007,19,0
P05-1015,15,0
J93-2003,10,0
W03-1006,4,0
D08-1024,9,1
P01-1005,7,0
D10-1125,5,0
P02-1031,7,1
N04-1013,19,1
P04-1036,13,0
W97-0703,1,0
W01-1605,15,0
N09-1036,7,0
N03-1016,3,0
N03-1017,9,0
N03-1024,0,0
C88-2128,18,0
W02-1210,12,0
P10-1044,7,0
W99-0611,14,0
W07-0702,8,0
J93-2004,6,0
P07-1004,0,1
W04-3236,7,0
N03-1024,15,1
P08-2012,14,0
N06-1011,19,0
N01-1023,7,0
D07-1091,1,0
N03-1020,15,0
H05-1021,3,0
P02-1051,11,0
W00-1401,7,0
C00-1072,12,0
J99-2004,3,1
P07-1106,0,1
J98-1001,5,1
C04-1111,4,0
W04-3252,18,0
J02-1002,19,0
J93-2003,8,0
D07-1071,7,0
C10-1011,9,0
P05-1045,11,0
P08-1088,8,1
W07-0734,2,0
W06-2933,16,0
J07-3004,5,0
J06-3003,5,0
W08-2123,5,0
P11-2031,4,0
W03-0419,2,0
P05-3026,1,0
P92-1008,0,0
C02-1145,9,0
W09-0424,0,0
J05-1003,9,0
P08-1119,12,0
C04-1073,2,0
A00-2034,8,0
W02-1039,13,0
P99-1065,13,0
J93-2004,16,0
P07-1065,2,0
N06-1003,11,1
J00-2004,1,0
W95-0115,9,0
P96-1008,2,0
C02-1150,8,0
J05-3002,1,0
D07-1096,14,1
N09-1037,10,0
W07-0733,12,0
W99-0613,15,0
W03-1006,6,0
D07-1097,2,0
W06-1639,17,0
P89-1009,7,0
P01-1019,14,1
P02-1060,12,0
P06-2014,6,0
J04-4002,5,0
N06-1056,12,0
H05-2018,12,0
W96-0102,6,0
P07-1055,2,1
N03-1028,3,0
W04-1013,2,0
W09-0424,3,0
P02-1014,11,0
N06-1033,9,0
P03-1004,12,0
W97-0311,3,0
P07-1028,7,1
D09-1159,8,0
P06-1109,1,0
W02-1018,16,0
E06-1015,10,0
W09-1119,8,0
W03-0407,15,0
J08-2005,17,0
P11-1019,3,0
P96-1006,7,1
W00-0403,18,0
P90-1010,9,1
P08-1102,19,0
J97-1002,15,1
N09-1037,14,0
A92-1021,18,0
N03-1022,14,0
C04-1080,7,0
C88-1016,4,0
P98-1012,15,0
J93-2006,7,0
E06-1032,9,0
P07-1107,0,0
H94-1020,17,0
C94-1079,2,0
D07-1074,3,0
P06-1010,1,0
P04-1054,13,1
D07-1096,8,0
P03-1022,7,0
P06-2006,0,0
N04-1001,4,0
E06-1002,1,0
H05-1010,12,0
W05-1203,6,0
D08-1036,3,0
P06-1115,8,0
P02-1034,14,0
P02-1001,13,0
J98-2002,0,0
N10-1115,0,0
D11-1014,18,0
E03-1071,3,0
P07-1092,5,0
J10-4006,7,1
D07-1003,19,0
J03-3002,5,0
H05-1010,19,0
P98-1069,14,0
J03-1002,5,0
A88-1019,11,0
W02-2026,3,0
E06-1042,9,0
W06-2922,5,0
N03-1021,12,0
P02-1006,5,1
N03-1021,14,0
W00-0730,17,0
J97-1005,4,1
E06-1031,11,0
W03-1810,19,1
W06-3108,10,0
W06-3108,8,0
C04-1200,3,0
P07-1028,3,0
C94-2195,7,0
W09-0424,12,0
P03-1029,15,1
D08-1031,15,0
E06-1005,2,1
P06-1043,4,0
P00-1010,3,1
P05-1020,6,0
W99-0604,19,0
J07-3004,11,0
D07-1072,8,0
P06-1134,12,0
D07-1003,15,0
N06-1014,19,0
C94-1079,17,0
E03-1009,9,0
P99-1014,0,0
J08-4004,14,0
H93-1052,8,1
I05-3025,4,0
P01-1067,1,0
D07-1104,14,0
N04-1015,5,0
E03-1009,18,0
W02-1021,12,0
J93-1002,8,0
W04-3212,8,0
P04-1014,7,0
P01-1064,19,0
D09-1159,14,0
N04-1019,2,0
P05-1034,11,0
A00-2026,2,0
C96-1079,17,0
W06-2501,11,0
A97-1039,4,0
A00-2009,1,0
D07-1104,7,0
P98-2127,17,1
W03-0404,14,1
J95-4004,4,1
S10-1011,5,0
D07-1071,8,0
P96-1042,3,0
P02-1014,5,0
W00-0726,12,0
P03-1022,16,0
P02-1019,4,0
D10-1119,14,0
P97-1003,12,0
J98-2002,9,0
C92-3150,2,0
W94-0319,4,0
D07-1003,4,0
W95-0105,3,0
P00-1056,4,0
P04-1013,15,0
P05-1077,8,0
P02-1033,6,1
N04-4015,12,0
W04-3230,1,0
J07-4004,17,0
A00-2031,1,0
W02-1210,11,0
C92-3126,1,1
C04-1046,5,0
P02-1034,13,1
P07-1094,6,0
H05-1011,1,0
H05-1059,0,0
W02-1039,11,0
E06-1038,2,0
N09-1036,6,0
D10-1048,7,0
P01-1008,1,0
D08-1059,12,1
W99-0613,5,0
P99-1041,2,1
N12-1047,3,0
J95-2002,12,0
W07-0717,17,1
D07-1101,18,0
P09-1077,11,0
C04-1024,15,0
N06-2015,13,0
W00-1303,4,0
C04-1111,9,0
W05-1506,13,0
J92-4003,11,0
J93-1004,2,0
P05-1074,12,0
W02-1028,0,0
P95-1007,8,0
N04-1042,16,0
C10-1152,2,0
A00-2026,7,1
P04-1056,5,0
W04-2705,2,0
D09-1030,5,1
D08-1027,15,1
J92-1004,3,1
P09-1026,7,0
J07-3004,19,0
N01-1006,3,1
D08-1031,4,0
W10-3001,1,1
H05-1043,12,1
W10-0701,5,0
W07-0717,1,1
P10-2041,10,0
P09-1040,13,0
N04-4038,14,0
J01-3001,9,0
P03-1069,13,0
W04-3206,15,0
W98-1115,6,0
A92-1018,9,0
H05-1044,2,0
P02-1006,2,1
P97-1013,10,0
N06-1039,6,0
C96-1021,8,0
J03-3005,3,0
W00-1427,8,0
E03-1076,10,0
J04-4004,15,1
P04-1043,0,0
J97-1003,0,0
D09-1098,13,0
W04-3219,18,0
W04-0807,17,0
P05-1077,17,1
W04-3247,7,0
P97-1017,7,0
W11-1901,17,0
J88-2006,6,0
C10-2028,1,0
P96-1011,9,1
P02-1053,17,0
H93-1061,12,0
P06-1084,10,0
P06-1114,5,0
J86-3001,0,0
J05-1003,1,0
D11-1014,3,0
D09-1120,9,0
P99-1008,2,0
N06-1020,17,1
P04-1036,0,1
P05-1074,14,0
P08-1028,14,0
P09-1058,16,0
W08-0509,6,0
J00-4003,8,0
P09-1040,6,0
C94-2195,4,0
W02-1039,8,0
W00-0730,10,1
P03-1004,14,0
H94-1020,14,0
P05-1072,8,1
J91-1003,8,0
J93-1004,8,0
A97-1029,12,0
P05-1020,19,0
N06-2013,7,0
P02-1017,10,0
P02-1022,10,0
P99-1004,19,0
P00-1056,8,0
J94-4002,4,0
W10-2903,12,0
P02-1042,3,0
C02-1114,15,0
W05-0909,13,0
H94-1020,6,1
N04-1016,6,0
C00-1072,7,0
W08-0309,14,0
P88-1020,3,0
P05-1071,1,0
P03-1051,13,0
W05-0602,6,0
P05-1059,13,0
D07-1096,19,0
N04-1015,9,0
P04-1018,1,1
P09-1077,16,1
W06-3119,18,0
J95-2003,19,0
P98-1012,6,0
D08-1092,4,1
P09-1019,12,0
N04-1023,4,0
P07-1031,7,0
W02-2016,19,0
P07-1106,19,0
D09-1026,8,0
W04-0803,5,0
E06-1051,18,0
P91-1023,6,0
P06-2101,6,0
C88-1016,7,1
W02-0301,5,0
P02-1033,7,0
W03-0424,9,1
P92-1017,13,1
W00-0712,19,0
W95-0103,17,0
W10-0204,5,1
W06-2932,2,1
C96-1058,15,0
D11-1014,14,0
W04-2407,18,0
P05-1020,4,0
W03-0419,16,0
J99-3001,12,0
P99-1071,14,0
E89-1037,1,0
N03-2002,2,0
P02-1042,6,0
H05-2018,6,0
J94-4001,3,0
P09-1116,19,0
P09-1088,1,0
P93-1002,10,0
N06-2015,18,0
P02-1038,6,0
W02-2026,5,1
P07-1028,0,1
W03-1728,9,0
P96-1042,0,0
W00-1308,4,0
N09-1037,0,0
P07-1032,19,1
P93-1024,2,0
W97-0209,8,0
E06-1051,2,0
P08-1119,7,0
W00-0726,17,0
N06-1006,6,0
P03-1044,12,0
W09-1119,4,0
N10-1019,0,0
A97-1014,6,0
C08-1018,12,0
P06-1032,8,1
C94-2195,14,1
P08-1004,17,0
D08-1068,3,0
J01-4004,3,0
P97-1017,6,0
A00-2018,1,0
W00-1401,11,0
H05-1045,0,0
C02-1011,6,0
W02-0902,5,0
C96-1079,15,1
D08-1027,6,0
W03-1810,9,0
J01-3003,18,0
A00-2034,11,1
W00-0717,14,0
C94-1042,18,0
P93-1003,12,1
P00-1056,12,0
D08-1089,0,0
P92-1008,3,0
P00-1016,9,0
P09-1077,17,0
N06-1014,12,0
W06-1607,18,0
W00-1303,1,0
P96-1006,17,0
N04-1030,10,0
D09-1101,0,0
H05-1043,6,1
J94-4002,2,0
P07-1031,17,0
C04-1024,16,0
W10-2805,2,0
J92-1004,10,1
W06-0301,18,0
C02-1011,10,0
P04-1083,3,0
W03-1810,2,0
N03-1021,10,0
N04-1015,4,0
W05-0909,14,0
W02-1006,12,1
W11-1901,14,1
W02-1028,1,0
J94-2003,7,0
N06-1003,13,1
P02-1018,13,0
E09-1013,0,0
D08-1022,2,0
C02-1139,11,0
P96-1011,15,1
N04-1043,11,0
P91-1017,1,0
C96-1005,13,0
P06-2101,19,0
P08-1114,1,0
W04-3207,10,0
N09-1037,5,0
A00-1031,16,0
P06-1104,16,0
W06-1615,16,0
P91-1023,12,0
W03-0424,6,0
P08-2026,4,0
P06-1011,14,1
P05-1020,8,0
W06-3108,0,0
C10-2005,0,0
W07-2006,0,0
M95-1005,11,0
N04-3012,12,0
J99-1003,0,0
P05-1011,8,0
P11-1019,6,0
P03-1001,11,0
W04-0807,15,0
E06-1025,1,0
P03-2026,1,0
W03-0425,9,0
C92-1038,11,0
P05-1018,17,0
J93-1002,6,0
A00-2004,0,0
P98-2180,2,1
W02-0817,3,0
C02-1011,12,0
C02-1054,14,0
J05-1004,17,1
A00-1031,12,0
D10-1125,6,0
P11-1038,18,0
P99-1067,5,0
D08-1031,2,0
J94-4004,8,0
W06-1615,14,0
W97-1306,9,1
N04-4026,15,0
E09-1013,8,0
P08-1030,18,1
P07-1121,10,0
W01-0511,15,0
P02-1060,10,0
W09-0441,8,0
P09-1011,11,0
C96-1021,10,0
P08-1090,0,0
P11-1019,2,0
N10-1115,4,0
J07-3004,17,0
N04-1033,15,0
H01-1035,4,0
J08-1001,8,0
P06-1066,6,0
W04-2319,17,0
N04-4038,12,0
C96-2141,5,0
J99-4005,12,0
N03-1028,19,0
H94-1020,3,0
P10-1001,10,0
P99-1065,18,0
P06-1043,13,0
P99-1068,4,0
J90-1004,9,0
E99-1010,18,0
P93-1003,14,0
P05-1036,7,0
D08-1082,19,1
D08-1092,1,0
E06-1038,12,0
P02-1006,15,0
W07-2018,5,0
C94-1079,1,0
P04-1054,8,1
J93-2005,5,0
C88-2128,9,0
A97-1029,8,1
P05-1059,7,0
W02-2016,0,0
P09-1027,0,0
P99-1071,12,0
J97-1002,1,0
P95-1007,0,0
P08-1030,3,0
P03-1001,6,0
P99-1059,8,1
H91-1060,19,0
P04-1061,0,0
C00-1072,6,0
P05-1045,8,0
D08-1014,1,0
P09-1057,18,0
J97-3003,13,1
P91-1023,14,0
D08-1014,3,1
N01-1026,17,0
N06-1033,18,0
P00-1056,13,0
C92-1038,9,0
J07-4004,19,0
D08-1021,18,0
D09-1026,14,0
P06-1104,4,0
N06-2015,9,0
P10-1110,19,1
P06-1014,4,0
P08-1108,11,0
D07-1101,2,0
A94-1009,10,0
E06-1040,1,0
P96-1042,11,0
C00-2137,0,0
P11-1138,3,0
P00-1037,8,0
W00-1401,5,0
C10-1011,17,0
H91-1060,0,0
P06-1115,3,0
W08-2102,0,0
C00-2136,1,0
J08-1001,0,0
W06-2933,11,0
P08-1119,16,0
W02-1039,5,0
C04-1041,19,0
J00-1004,19,0
J98-2001,14,0
P08-1114,16,0
E06-1051,5,0
P02-1001,15,0
D08-1092,15,0
E06-1051,17,0
P07-1107,18,0
H05-1053,3,0
P02-1047,10,0
C04-1073,0,0
N06-1006,7,0
W06-3812,14,0
J08-1001,17,0
W99-0613,0,0
J06-1003,1,1
E03-1005,15,0
P07-1028,1,0
W97-0301,17,0
N03-1033,8,0
H05-1004,16,1
P05-1020,15,0
W02-1021,10,0
E06-1005,13,0
W03-0301,6,0
C92-1025,1,0
P09-1010,0,0
P99-1004,6,0
D07-1080,5,0
P08-1068,15,0
P07-1123,19,0
P07-1073,9,0
P92-1032,5,0
W02-0902,13,0
W11-1901,12,1
P03-1054,2,0
P06-1104,10,0
J10-3003,15,0
P02-1042,14,0
D07-1071,0,0
E03-1076,0,0
A00-1031,0,0
W02-2018,14,0
P04-1035,17,0
I05-3017,16,0
P11-1055,11,0
P00-1010,4,0
P03-1035,4,0
J91-4003,7,0
P96-1041,0,0
W97-0109,6,0
W05-1513,4,0
D07-1043,8,0
P07-1092,3,1
P09-1088,6,1
C04-1200,2,0
P03-1022,12,0
C94-2195,2,0
P10-1040,15,0
W96-0102,13,0
P09-1113,16,0
W11-1801,7,0
N10-1115,18,0
N07-1011,13,0
W01-0511,13,0
N06-1039,14,0
E06-1038,3,0
D08-1068,15,0
J00-4003,6,1
P09-1026,0,0
C04-1100,0,0
P96-1011,7,0
P06-1134,15,0
P99-1048,1,0
C90-3045,13,0
D08-1036,19,0
P06-1134,9,0
C96-2141,11,0
P95-1007,10,0
D09-1098,15,0
P02-1051,4,1
W09-1119,14,0
H05-1091,1,0
C00-1072,19,0
J06-3003,9,0
W03-1812,9,0
P09-1011,8,0
P09-2012,7,0
W02-1028,9,0
P06-1097,18,0
W99-0501,4,0
W05-0904,0,1
N04-1013,3,0
P93-1016,19,0
J05-3002,2,0
N09-1046,3,0
D07-1103,16,0
W04-3247,18,0
P04-1066,3,0
W07-0734,1,1
P07-1073,0,0
N03-1033,5,0
J95-4004,7,0
J98-2002,2,0
W06-3119,4,0
W06-3108,13,0
J98-2001,7,0
P04-1013,5,0
D09-1030,12,1
W08-0336,10,1
W97-0301,12,0
N04-1030,9,0
P10-1110,0,0
P06-1123,2,1
N04-4026,14,0
P97-1023,16,0
W04-3239,8,0
J99-2004,13,0
H93-1061,15,0
H05-1010,18,0
N04-1033,19,0
P09-1040,16,0
P03-1011,1,0
W00-0712,16,0
P06-1066,1,0
C00-1072,9,0
P93-1001,4,0
D11-1006,11,0
N07-1011,15,0
W01-1605,8,0
P09-1104,1,0
J07-3004,8,0
P99-1048,11,0
N12-1067,6,1
W02-2026,10,0
N04-1033,8,0
D10-1044,18,0
W11-1901,3,0
W03-0428,12,0
W02-1028,13,0
P98-2204,5,0
J03-3005,4,0
P08-1108,1,1
N06-1003,3,1
W06-3105,5,0
W00-0403,0,0
D11-1006,16,0
J03-4003,7,1
P95-1021,8,0
P10-1146,4,1
W95-0107,2,0
J94-2001,11,0
N09-1041,5,0
D09-1026,13,0
C04-1080,11,0
A97-1030,4,0
C04-1051,8,0
E06-1027,2,0
I05-3017,10,0
W00-0730,3,0
P06-1014,5,1
W06-2933,5,0
P03-1021,14,0
E06-1015,15,0
C02-1114,8,0
W07-2009,9,1
H05-1044,4,0
P04-1077,8,0
J93-1004,9,0
P11-1055,1,0
J98-4004,8,0
P03-1019,11,0
C04-1072,11,1
W01-0511,7,0
W97-0313,10,0
W99-0625,10,0
J03-1002,16,0
W05-1513,19,0
D07-1097,14,1
W10-2903,10,0
W04-2609,12,0
P06-1095,13,0
P02-1017,0,0
W08-0309,12,0
P85-1018,11,0
J88-1003,7,0
J93-2003,5,0
W06-1607,0,1
P99-1065,17,0
P07-1031,0,0
I05-2038,18,0
P10-1040,9,0
P08-1030,4,0
P08-1064,10,0
N09-1028,0,0
E99-1010,12,0
H93-1052,7,1
A97-1004,16,0
D09-1098,11,0
P02-1042,15,0
N07-1011,4,0
W06-2922,14,1
P08-1085,14,0
P94-1019,18,0
N12-1047,1,0
A00-2024,0,0
P08-1068,9,0
W05-1506,7,0
P06-1032,7,1
P03-1001,7,0
C08-1018,8,0
J98-4003,8,0
P08-1024,16,0
J98-4004,5,0
I05-3027,1,0
D08-1021,0,0
E09-1005,16,0
C96-1058,4,0
D08-1035,16,0
W97-0703,17,0
W99-0501,12,0
W08-0309,2,0
W03-0405,2,1
P05-1066,12,0
D08-1031,6,0
N03-1022,3,1
P03-1021,4,0
D08-1036,15,0
P96-1041,7,1
H01-1035,16,1
J91-4003,2,0
P96-1027,1,0
P07-1055,0,1
J93-1004,13,0
N07-1018,12,0
W00-1303,3,0
J90-2002,19,0
P07-1073,3,0
N09-1036,11,0
P02-1050,14,0
P98-1035,9,0
P07-1092,2,0
P02-1060,15,0
N01-1020,3,0
W10-0204,6,0
N07-1047,10,0
P03-1058,13,0
W07-0718,9,0
W04-2319,9,0
W06-2933,4,0
P08-1076,15,0
P12-1092,1,0
W06-1616,14,0
P08-1066,0,0
P06-1101,16,0
J99-1003,2,0
P02-1051,3,1
W01-1605,14,0
J88-1003,1,0
P09-1010,8,0
P99-1069,19,0
W06-2501,10,0
J93-3003,5,0
P08-1004,15,0
P93-1024,14,0
P99-1004,14,0
P06-1091,11,0
P05-1077,11,0
J92-4003,2,0
P05-1034,6,0
D07-1077,2,0
W04-0308,0,0
W03-0407,18,0
W06-1651,12,0
C08-1018,5,0
W11-1902,0,0
N03-2002,8,0
P05-1045,13,0
D07-1091,12,1
W02-1006,0,0
W97-0302,10,0
N10-1056,0,0
N07-1051,18,0
P05-1074,13,0
J09-3003,14,0
E06-1002,16,0
W03-0407,11,0
P10-2041,0,0
P93-1003,6,1
P08-2007,7,0
C96-2183,9,1
D10-1124,7,0
P02-1022,14,0
D10-1048,15,0
P91-1023,3,0
P04-1013,6,1
D10-1115,19,1
J01-4004,6,0
P97-1017,18,1
P06-1109,18,0
P88-1020,0,0
C92-2082,17,0
N04-1043,14,0
C04-1073,10,0
P05-1001,17,0
P03-1071,16,0
P06-1084,6,0
W03-1011,7,0
N06-2015,15,0
P00-1016,0,0
N03-2002,19,0
C02-1114,4,0
N06-1025,15,1
N01-1020,16,0
P93-1002,5,1
W04-3201,17,0
W97-0302,0,0
W06-3108,4,0
D09-1030,1,0
W07-0718,15,0
P05-1052,3,0
N12-1052,17,0
C96-1005,4,0
P98-1069,2,0
D08-1031,19,0
W00-1201,8,1
P08-1028,6,0
P97-1023,3,0
P05-1020,7,0
P09-2004,2,0
N04-1001,3,0
W96-0213,18,0
W09-1304,1,0
P09-1068,2,0
C00-2136,17,0
J93-2004,5,0
C00-2136,6,0
P06-1010,4,1
N07-4013,4,0
W02-1028,17,0
P02-1006,1,0
J98-3005,5,0
N10-1063,5,0
C04-1073,6,0
P98-2173,4,0
H05-2018,3,0
A88-1019,13,0
W09-1401,4,0
W00-1401,9,0
J96-2004,10,0
W96-0214,10,1
P02-1046,4,1
P09-1026,1,0
P86-1031,5,0
P07-1073,10,0
P97-1005,4,0
J98-4003,19,0
D07-1074,14,0
C94-1042,16,0
C96-2183,0,0
N07-1018,3,0
J93-1005,14,0
P05-1059,6,0
J00-4003,0,0
P09-1104,5,0
P05-1073,3,0
W99-0611,12,0
W04-2319,13,0
P98-1069,12,0
C96-1058,12,0
N10-1063,7,0
J88-1003,3,1
P00-1010,14,0
N03-1020,14,0
N04-1025,15,0
P05-1015,16,0
J86-3001,10,0
P06-4020,17,0
J93-2005,8,0
J90-1003,8,0
W01-0514,6,0
P02-1022,3,0
P03-1054,15,0
P02-1053,13,0
D11-1142,0,1
P08-1036,3,0
J87-1004,0,0
P05-1052,14,0
P07-2045,12,0
J93-2003,13,0
J03-4003,19,0
W02-1210,2,0
D07-1003,0,0
W08-0509,2,0
N01-1025,17,0
P05-1072,2,0
P97-1003,7,0
N04-1016,0,0
N09-1037,12,0
W01-1605,12,0
W06-2932,18,0
J02-1002,12,1
C90-3045,8,0
A97-1004,10,0
N07-4013,3,0
P04-1035,19,0
N07-1047,14,0
J96-1001,11,0
P99-1071,8,1
P03-1023,6,1
W01-0501,17,0
P83-1021,1,0
J98-4003,7,0
P93-1016,10,0
P11-1020,7,0
W06-1615,6,0
C94-1027,0,0
P07-1032,15,0
J03-4004,9,0
W97-0802,4,0
D07-1007,19,0
P03-1044,5,0
P85-1008,1,0
P03-1035,11,0
W03-1006,2,0
N06-2015,3,0
E06-1038,19,0
P11-2031,6,0
N07-1011,10,0
W06-0301,1,0
C04-1024,0,0
P05-1001,8,0
A97-1029,0,0
C96-2183,11,0
C02-1144,6,0
W04-1013,15,0
P05-1059,3,0
N01-1006,9,1
P07-1125,7,0
W04-3208,7,0
W06-3114,4,0
W06-3108,2,0
A00-2034,19,0
N07-1011,2,0
H05-1012,15,0
C04-1041,9,0
C92-3126,5,0
P89-1010,1,0
H93-1061,16,0
E06-1040,4,0
P00-1037,1,0
J93-2004,10,1
D07-1077,3,1
N10-1115,16,0
W06-1670,15,1
P05-3026,4,1
N06-1003,1,0
W04-2705,15,0
W02-0603,10,0
P08-1119,13,0
P02-1060,0,0
H94-1048,1,0
N04-1014,16,0
J93-1004,14,0
P97-1023,8,0
A00-2031,6,0
D09-1086,7,0
W07-1401,3,0
P04-1043,8,0
P10-4002,4,0
D09-1159,6,0
P98-2204,10,0
C10-1011,10,0
P97-1023,9,0
J91-4003,15,0
P02-1042,8,0
W03-0407,9,0
C96-1005,14,0
I05-3017,14,0
W10-0204,12,0
P02-1060,16,0
C08-1018,17,0
P05-1045,19,0
J03-4003,12,0
D07-1007,10,0
P06-1004,13,1
P93-1032,5,0
J02-3001,17,0
J02-1002,15,1
P07-1094,1,0
P07-1073,15,0
P96-1038,8,0
N06-1058,9,1
W06-1639,14,0
W04-1013,11,0
P05-1020,10,0
H01-1035,9,0
M95-1005,17,0
P04-1014,17,0
A00-1031,19,1
P09-1116,13,0
J93-2006,9,0
J04-1002,3,0
J03-1002,0,0
C88-2128,16,0
W08-2102,9,0
J04-1002,9,0
P09-1104,12,0
C02-2025,15,1
P10-2041,11,0
C02-2025,17,1
D11-1033,6,0
P99-1032,13,0
P04-1013,14,0
C04-1010,4,1
C00-1044,4,0
J99-4005,14,0
D08-1020,10,0
W00-0730,5,1
N04-3012,16,0
P13-1045,1,0
P93-1032,9,0
D10-1048,17,0
P00-1056,14,0
P07-2045,0,0
C04-1100,11,0
C04-1080,17,0
C88-2121,0,0
W09-1105,6,0
P11-1098,3,0
N04-1042,12,0
P04-1085,3,1
P03-1056,5,0
P09-1057,12,1
W02-0908,19,1
W97-0802,7,0
P07-1091,8,1
J95-4004,5,0
N03-1024,8,0
C08-1022,10,0
P07-1091,12,0
E03-1076,19,0
P97-1013,1,0
A97-1039,12,0
W02-0902,11,0
C00-2136,7,0
E06-1032,19,0
W04-3205,15,0
W96-0214,8,0
N03-2002,4,0
H91-1026,19,0
J86-3001,16,0
D08-1020,0,0
P05-2008,8,0
C88-2121,4,0
C94-1079,19,0
P85-1011,1,0
P03-1021,6,1
C92-2066,2,0
P04-1013,8,0
W06-2933,2,0
P03-1023,4,0
W09-1119,13,0
P08-1076,17,1
W01-0514,1,0
C96-1079,8,0
P03-1019,3,0
P90-1034,8,0
N10-1013,11,0
W04-3250,12,0
P11-1098,11,0
P06-1005,17,0
P02-1022,7,0
W06-0301,5,0
C96-1079,14,0
J05-3002,12,0
P99-1067,2,1
P01-1067,12,0
P04-1077,3,0
I05-3027,15,0
N10-1063,0,0
W98-1115,0,0
D07-1043,9,0
N04-1030,0,1
J90-1003,10,0
J96-2004,0,0
N04-4015,10,0
P05-1020,2,0
P00-1016,10,0
W03-0425,19,0
P07-1107,1,0
W02-0301,10,0
P02-1001,8,0
P02-1031,17,0
C02-1144,2,0
P05-1077,15,1
D08-1036,4,1
W09-1105,11,1
C04-1073,7,0
P94-1019,16,0
W06-3119,3,1
P85-1018,14,0
W02-0505,13,0
D08-1021,15,0
P05-1067,10,0
W02-1039,14,0
P07-1056,9,1
A97-1029,15,0
S10-1010,0,0
A97-1004,17,0
D07-1109,2,0
C00-2137,11,0
D08-1076,18,0
W11-1902,15,0
N07-1051,17,0
P11-1060,3,1
D08-1068,1,0
W97-0703,0,0
J03-1002,17,0
P03-1012,10,0
W06-2501,16,0
C04-1046,3,0
N03-1016,13,0
P06-1055,19,1
N06-1003,6,1
N04-1030,1,1
P07-2045,3,0
A00-2034,3,0
N07-1018,11,0
J03-1002,6,1
P97-1003,3,0
A92-1018,2,0
C04-1081,1,0
P96-1008,3,0
W04-3213,14,1
N06-2015,0,0
W96-0208,1,0
W06-0301,19,0
P94-1013,8,0
N09-1009,11,0
C04-1100,1,0
P06-1115,10,0
P03-1023,15,0
N01-1020,0,0
W03-1014,18,1
W03-1809,7,0
J03-1002,14,0
P07-1125,17,0
P03-1003,6,0
P02-1042,9,0
P11-1019,4,0
E06-1005,15,0
E89-1037,2,1
P99-1004,13,0
C02-1114,18,0
N03-2002,14,0
N03-1021,1,0
P08-1076,10,0
P90-1032,3,0
P08-2012,7,0
P06-1032,9,1
P06-2006,4,0
C08-1018,3,0
W97-0302,8,1
P99-1041,3,1
C04-1146,8,0
P03-1003,9,1
P98-2182,0,0
W08-0309,15,0
P97-1035,3,0
P06-1067,17,0
E03-1009,17,0
P99-1032,8,0
J94-2001,6,0
J08-4004,9,0
P06-1103,7,0
P02-1018,18,0
P93-1008,12,0
J96-1002,16,0
C04-1111,17,0
P07-1028,19,0
J99-3001,3,0
P02-1050,4,0
W05-0625,8,0
D07-1071,16,0
D07-1072,0,0
C00-2163,11,0
C86-1016,1,0
N10-1013,10,0
J10-4006,12,0
P06-1038,8,0
P09-1104,16,0
J10-3003,18,0
N06-1025,5,0
P99-1048,16,0
W04-0807,7,0
W97-0703,13,1
P07-1073,2,0
W97-0313,19,0
W98-1115,17,0
N04-4026,6,0
P96-1024,1,0
N04-1041,1,0
D07-1091,2,1
W00-1427,6,1
W11-2123,9,1
P05-1072,4,0
W08-2102,6,0
N06-1020,16,1
J93-2002,15,0
C88-2121,1,0
W01-0501,10,1
W03-1006,3,0
P99-1069,8,0
W02-1001,9,1
W08-0309,8,0
C92-2066,0,0
D11-1006,13,0
D07-1074,19,0
J95-4004,6,1
P07-1121,16,1
N10-1019,1,0
P08-2026,3,0
D09-1120,3,0
W02-2024,6,1
W06-1615,9,1
P09-1113,14,0
J93-1005,1,0
P05-3026,2,0
P08-1066,5,0
W06-3119,7,0
C04-1200,0,0
N06-1014,14,0
D10-1115,13,0
C04-1046,4,0
W97-1306,1,0
P00-1027,15,0
P09-1019,14,0
P98-2204,6,0
N04-4038,2,0
P96-1027,7,0
D08-1020,4,0
W05-1513,6,0
D08-1022,1,0
W97-0301,14,0
W06-3601,3,0
W07-2014,17,0
N01-1025,16,0
J05-4003,13,0
P04-1054,6,1
C02-1150,10,0
D08-1059,3,0
D10-1124,14,0
P02-1014,2,0
W06-1203,5,0
N04-1001,13,0
P10-1110,7,0
P96-1027,10,0
W97-0109,1,0
W06-2915,16,0
P05-1036,14,0
P91-1023,19,0
P99-1071,15,0
P03-1044,7,0
N01-1026,5,0
C96-2141,7,0
N09-1037,16,0
N04-1001,12,0
W95-0115,7,0
P99-1067,14,0
P06-1104,18,0
P05-1022,4,0
W04-3237,11,1
J99-2004,18,0
E03-1076,7,0
N06-2015,16,0
W03-1730,2,1
P96-1024,13,0
D09-1092,19,0
P06-1095,5,1
P92-1008,1,0
P02-1034,12,0
P03-1011,9,0
P97-1035,5,0
W04-3212,18,0
W04-2406,10,0
P08-1108,18,0
J93-2002,8,0
W00-1427,15,0
W04-2401,15,0
H93-1052,0,1
C04-1180,1,0
J07-4004,9,0
P93-1016,15,0
P91-1034,13,0
P99-1067,17,0
W04-3236,17,0
W06-0301,6,0
D11-1141,14,0
H93-1052,15,0
P96-1021,11,0
D07-1096,18,0
P05-1052,4,0
P03-2026,12,0
J99-2004,15,0
J05-1004,11,1
P99-1014,15,0
P02-1034,8,1
P05-1011,3,0
W06-2501,13,0
A94-1016,9,0
P97-1035,15,1
H05-2018,14,0
P02-1060,6,0
P06-1005,18,0
C02-1011,17,0
W95-0103,19,0
N06-2013,8,0
N09-1003,11,0
N03-2002,18,0
H05-1043,17,0
P00-1010,7,0
D11-1014,13,0
I05-3027,3,0
C08-1109,3,0
P97-1023,0,0
C92-1038,8,0
W06-2922,0,0
J87-1004,2,0
N06-1041,15,0
P91-1034,12,0
P95-1050,16,0
P06-2006,19,0
P05-1033,2,0
J08-2005,6,1
J01-2002,0,0
P02-1035,12,0
D08-1027,4,0
P03-1054,19,0
P04-1054,18,0
W03-1809,10,0
P07-1028,6,1
W06-1639,12,0
P06-1010,0,0
H05-1010,2,0
W06-2915,0,0
P91-1022,11,0
A00-2030,14,0
P03-1004,6,0
P01-1019,15,0
W04-3207,3,0
P03-1003,1,0
H05-1066,18,1
P09-1026,8,1
N03-1003,2,0
P98-2127,18,1
P05-1011,0,0
P97-1017,1,0
P08-2012,3,0
W02-0301,9,0
W03-1728,8,0
P04-1005,7,0
P01-1008,10,1
C92-2082,3,0
W03-1014,4,0
W02-1001,19,0
W04-2407,4,1
N03-1020,10,0
W99-0611,6,0
W06-2501,6,0
P07-1073,5,0
P01-1030,2,0
P06-1043,0,0
A94-1009,9,0
E06-1051,6,0
C92-1038,5,0
C90-3052,1,0
P08-1102,4,0
W02-1021,5,0
P06-1109,13,1
D08-1020,6,0
D07-1101,16,1
E06-1005,19,0
W02-0908,12,0
C04-1111,1,0
A92-1018,17,0
N10-1019,7,0
W04-1013,4,0
P99-1065,14,0
N13-1039,4,0
P05-1020,0,0
N04-4015,15,0
N03-1028,15,0
P10-1001,2,0
C04-1180,10,0
P03-1003,7,0
P07-1121,4,0
P97-1041,7,0
N04-1041,11,0
P08-1086,9,1
P05-2008,0,0
D11-1033,7,0
E03-1005,9,0
N07-1071,15,1
P04-1077,10,0
W07-0718,8,0
P05-3026,0,1
W99-0625,2,0
W97-0313,14,0
P03-1029,3,0
N10-1115,17,0
P93-1002,2,1
J95-2003,8,0
D07-1111,6,0
N09-1046,4,0
P93-1001,12,0
W09-0432,5,0
W09-0424,11,0
D08-1082,8,1
J08-1001,11,0
W06-2501,15,0
W02-1011,10,0
W03-1810,3,0
C04-1100,17,0
P02-1060,4,0
P03-1021,12,0
J10-4006,19,0
W07-1604,3,0
P02-1051,13,0
N13-1090,17,0
W04-2407,10,1
C96-1058,11,0
W04-3213,1,0
C96-1058,3,0
P98-2173,8,1
N06-2015,2,0
D08-1076,11,0
C00-2163,3,0
C00-2136,11,0
C96-2141,16,1
P89-1010,3,0
P05-1015,10,0
P99-1068,17,0
W03-1810,14,1
P02-1050,19,0
D07-1101,15,0
W04-1013,0,0
P10-4002,18,0
P09-2004,8,0
P91-1022,12,0
P93-1024,13,0
D08-1016,9,1
N04-1043,19,1
E06-1002,0,0
W04-3111,1,1
N06-1020,13,0
W96-0213,15,0
P89-1002,0,0
W03-1810,18,0
C04-1010,0,1
P04-1054,0,0
M95-1005,12,1
W05-0904,14,0
N01-1024,7,0
C00-2163,6,0
W00-1401,14,0
C04-1010,18,0
J98-2002,15,0
E09-1005,14,0
J08-1002,7,0
A00-2030,2,0
P09-1019,16,1
W95-0103,11,0
H05-1004,7,0
J95-2003,12,0
H05-1044,13,0
P02-1022,18,0
E03-1009,10,0
P06-1005,16,0
P04-1015,1,0
J94-4003,3,0
J01-3003,4,0
J00-2004,13,0
N09-1009,0,0
W04-3239,11,0
W09-0441,19,0
W00-0726,15,0
D09-1058,11,0
D11-1006,7,0
P99-1059,3,0
D07-1077,19,0
W02-1011,16,0
W11-2107,1,0
W07-1604,8,0
D08-1092,13,0
W01-0521,9,1
A94-1016,12,0
W02-2026,12,0
D10-1044,5,0
D10-1044,16,0
W07-1604,4,1
P03-1021,11,1
D08-1076,10,1
P03-1035,12,0
D07-1007,9,0
P97-1023,7,0
C02-2025,7,0
D08-1089,2,1
P07-1036,3,0
C04-1180,13,0
P07-1125,8,0
W97-0713,8,0
J06-1003,3,1
J97-1003,14,0
J01-2004,17,0
N09-1003,6,0
P07-1123,7,1
C96-1079,10,1
J97-4005,6,0
P00-1065,6,0
P09-1026,4,1
J98-4004,6,0
W04-3205,16,0
A00-2030,18,1
W06-3114,3,0
E09-1005,6,0
W04-0803,7,0
W07-0733,3,0
W99-0612,6,0
P09-1058,12,0
P07-1004,3,1
D08-1022,9,0
C90-3052,4,0
P08-1109,17,0
D08-1016,8,0
J94-4001,2,0
C02-2025,2,0
P93-1041,3,0
N03-1028,9,0
W02-1503,2,0
P07-1031,3,0
P04-1041,15,0
A97-1030,5,0
C94-1042,13,0
C04-1051,9,0
W03-1812,8,0
J82-3004,3,0
P11-1038,5,0
P11-1055,15,0
H92-1045,6,0
P05-1066,5,0
P05-1073,12,0
C00-2137,4,1
D07-1077,15,1
N09-1041,19,0
W94-0319,3,0
P06-1085,8,0
H94-1046,3,0
N07-1011,9,0
P00-1037,9,0
W06-2915,15,0
W06-1639,19,0
P08-1090,7,0
W99-0612,5,0
P98-1013,13,1
C04-1073,18,0
N04-3012,0,0
P05-1036,10,1
J99-2004,11,0
J07-2003,9,0
N06-1011,17,0
N03-1028,14,0
P95-1026,7,1
D07-1111,11,0
W03-1028,14,0
P94-1013,2,0
P08-1115,2,0
D10-1124,16,0
W04-3206,16,0
J03-1002,4,1
P03-1023,9,0
D07-1097,7,0
N12-1052,8,1
H05-1010,10,1
W07-2006,2,0
P07-1034,14,0
N06-1058,7,0
J96-2004,5,0
W07-1604,16,0
P98-1012,8,0
N06-1006,0,0
P01-1030,3,0
N04-1033,3,0
P11-1019,1,0
W06-1606,13,1
P02-1043,14,1
P05-1066,17,0
J00-2004,16,0
P07-1125,16,0
W06-3812,11,0
P89-1010,7,0
J98-4004,12,0
H05-1053,4,0
J93-1003,15,0
P09-1113,4,0
N09-1012,6,0
C96-1079,16,0
N10-1020,12,0
A92-1018,6,0
J08-4003,14,0
J93-1005,4,0
P06-1109,7,0
W07-0733,5,0
P05-1015,14,0
A94-1009,6,0
P04-1083,4,0
W00-1303,6,0
E03-1071,0,0
P02-1046,3,0
A00-2034,5,0
E06-1005,0,0
P99-1067,8,0
P08-1114,17,0
P06-1043,9,0
W97-0313,13,0
P07-1092,6,0
P00-1041,1,0
W03-0430,1,0
W02-2018,4,0
P02-1038,12,0
C04-1111,13,0
W11-1901,5,0
N04-3012,11,0
P02-1035,4,1
N06-1025,16,0
N04-1013,6,0
P10-1040,12,0
J91-4003,16,0
W03-0419,19,0
P04-1083,11,0
N04-1030,5,1
P06-1038,1,0
W97-0313,9,0
D09-1101,16,0
C04-1100,4,0
J01-2001,12,0
W99-0629,8,0
D07-1109,11,0
N10-1115,2,0
N04-1025,6,0
P05-1011,11,0
P10-1001,7,0
P98-1034,4,0
P09-1011,0,0
H05-1011,13,0
I08-1059,16,0
J98-2004,3,1
P97-1009,2,0
W04-1221,8,0
P08-1064,11,0
W11-2123,8,0
N03-1016,7,0
A00-2026,8,0
W02-1018,10,0
E06-1038,13,0
P04-1005,1,0
P02-1034,17,1
A00-2031,17,0
W96-0102,11,0
P03-1002,2,0
P06-1091,6,0
E06-1015,4,0
P02-1062,18,0
D09-1098,7,1
J05-1003,15,0
P08-1090,11,0
J03-3005,19,1
J99-1003,11,0
P02-1022,1,1
N01-1020,2,0
P08-1004,8,0
P03-1010,3,0
P04-1041,10,0
P03-1051,15,0
J96-2004,15,0
D08-1059,17,0
J08-1001,1,0
H93-1051,4,0
W99-0501,10,0
C04-1010,19,0
C04-1051,16,1
J97-3003,10,1
C92-3126,3,0
W04-3252,4,0
P95-1021,0,0
P87-1022,15,0
P08-2026,0,0
W04-2705,16,0
P96-1006,14,0
C02-1144,10,0
N06-1033,14,1
J93-1006,1,0
W03-0407,10,0
W06-1606,6,0
N09-1003,1,0
P92-1032,0,0
N04-1030,2,1
C04-1046,9,0
J98-1006,16,0
P06-1114,12,0
W07-0718,19,0
W07-2016,0,1
P94-1019,5,0
P99-1016,15,0
E87-1002,4,1
N06-2013,6,0
P87-1022,12,0
P00-1058,1,1
W06-0301,11,0
C00-2163,18,0
C04-1180,9,0
I05-3025,11,0
P03-1022,6,0
P09-1116,9,0
P07-1123,3,1
J93-3003,2,0
P03-1069,7,0
P05-1073,5,0
P03-1021,3,1
W04-1013,19,0
P01-1030,19,0
C90-3045,1,0
W06-1670,14,0
N01-1021,4,0
P06-2014,0,0
D07-1111,9,0
P04-1083,0,0
A00-2026,5,1
C04-1041,16,0
P99-1008,11,0
P90-1034,14,0
C04-1146,12,0
C08-1114,10,0
C90-3045,5,0
C00-1072,16,0
D07-1101,13,0
W09-1401,11,0
C92-1038,14,0
J95-4004,10,0
W10-3001,13,1
W07-0718,13,0
W04-2319,14,0
J00-2004,18,0
W04-2401,2,0
W04-3205,1,0
P08-1115,18,0
W02-1021,14,0
W08-1301,8,0
W08-0336,18,0
D09-1120,18,0
W06-2922,4,0
W02-1503,8,0
N06-1014,8,0
J04-3002,17,0
J90-2002,7,0
H92-1045,11,1
J91-1003,6,0
W04-3250,5,0
P04-1005,11,0
A00-1031,6,0
W96-0208,9,0
P08-1108,3,1
J10-4006,8,0
H94-1046,4,0
P04-1035,2,0
P06-1085,5,1
E99-1023,6,0
W95-0107,18,0
N04-1021,18,0
P96-1006,15,0
P97-1063,2,0
J90-2002,15,0
N07-1047,1,0
P09-1027,8,1
W09-1401,10,0
P02-1050,7,0
P06-1085,10,0
W02-0301,12,0
J93-1002,10,0
N04-1001,18,0
H05-1010,1,0
P97-1017,14,0
J01-2004,12,0
C90-3045,15,0
W09-0432,6,0
E06-1002,2,0
C92-2082,5,0
E06-1032,11,1
W03-0405,16,0
W03-0301,17,0
D07-1077,13,1
P02-1060,1,0
P06-1067,16,0
P84-1008,0,0
W06-3601,2,1
N06-1025,2,0
P06-1095,15,0
J05-4003,0,0
D08-1035,6,0
P08-1119,11,0
P07-1003,1,0
P07-1123,18,0
W09-1105,16,1
P01-1064,12,0
W02-1011,2,0
C00-1072,10,0
W06-1670,1,0
D11-1141,2,0
W03-1812,15,0
P10-2041,8,0
W05-0909,6,0
P08-1004,18,0
P08-1066,14,0
D08-1036,2,0
W05-0909,19,0
A97-1029,10,0
C04-1200,14,0
P07-1125,1,0
J10-3003,4,0
W03-1730,16,1
W09-0401,15,1
N04-1030,19,0
D07-1104,3,0
W01-0514,12,0
J07-3004,4,0
W06-2501,5,0
W97-0713,9,0
P96-1024,6,0
P96-1011,5,1
W11-1901,11,0
D08-1082,4,0
C90-3045,3,0
D09-1005,4,1
N06-1058,18,0
H05-1012,13,1
W07-2016,13,0
D08-1024,16,0
P00-1010,16,0
P03-1012,1,1
E87-1002,1,1
P00-1027,3,0
P09-1040,10,0
P99-1067,7,0
N06-1006,1,0
J06-3003,3,0
N09-1028,15,0
P06-2005,4,0
P09-1077,18,0
P03-1044,3,0
N04-1033,10,0
P08-1068,6,0
N04-1016,18,0
W04-3236,15,0
P06-1067,0,1
D11-1006,14,0
P98-2127,2,0
N09-1012,12,0
J93-2005,9,1
W00-0403,5,0
N01-1020,17,1
P08-1084,10,0
P07-1031,16,1
P98-1029,13,0
C04-1081,10,0
J98-2001,1,0
P06-1095,0,0
N04-1015,14,0
P02-1050,0,0
P06-1103,12,0
J04-4004,0,0
P03-1002,7,1
J01-2004,18,0
P01-1019,12,1
P05-1052,5,0
P06-1055,4,0
A00-2018,15,0
P05-1047,15,0
C96-2141,0,0
J92-4003,7,0
P07-1096,19,0
J94-3001,5,1
P93-1024,4,0
J09-3003,7,0
W06-1639,2,0
N03-1017,18,0
W02-2018,18,0
P09-1042,9,0
P02-1062,19,1
W07-0734,7,0
C96-2141,10,0
P01-1064,11,0
D10-1048,19,0
J03-1003,3,0
W01-0511,16,0
W06-3812,3,0
P96-1027,14,0
P00-1037,6,0
C08-1018,16,0
C86-1045,0,0
N04-1015,8,0
E03-1076,16,0
N10-1056,4,0
W03-1719,15,0
D07-1061,14,0
P07-1059,5,1
P09-1042,1,0
P08-1064,19,0
P06-1038,4,0
P01-1008,9,0
J03-3002,0,0
W99-0611,1,0
P09-1077,15,0
E99-1023,12,0
C92-2066,4,0
W00-1303,5,0
J03-4004,13,0
N03-1028,11,0
P06-1104,8,0
J10-4006,10,0
P08-1024,17,0
P07-1123,2,0
D09-1030,17,0
C88-2128,12,0
P11-1138,2,0
C04-1081,15,0
W00-0403,10,0
W97-0313,7,0
P10-1146,0,1
P09-2004,5,0
P09-1077,12,0
D08-1022,6,0
N04-4038,19,0
N04-1035,13,0
W01-0514,8,0
P02-1019,11,0
P09-1058,3,0
P84-1018,0,0
P94-1012,14,0
J04-3002,16,0
A00-2034,7,0
A00-2004,5,0
D08-1035,10,0
W01-0511,2,0
W02-0301,7,0
J00-1004,16,0
E03-1005,19,0
D08-1024,19,0
P95-1021,7,0
P13-1045,5,0
D09-1026,0,1
C94-1027,6,0
D08-1016,2,1
W02-1018,7,0
W03-1810,10,0
P02-1019,18,0
D10-1001,15,0
E03-1009,16,0
W06-1670,18,0
H05-1066,17,0
J04-2003,2,1
N06-2013,5,0
J04-3002,15,0
W06-1203,2,0
D09-1127,12,0
P07-1034,16,0
A00-2018,12,0
W04-3205,18,0
P04-1015,0,0
P99-1067,11,1
P08-1064,2,0
D08-1016,18,0
P05-1033,11,0
J92-1004,8,0
P08-1102,3,0
J96-1001,14,0
C92-1038,13,0
D10-1048,6,0
C04-1080,12,0
C96-2183,1,0
D08-1014,5,0
P87-1022,13,0
C04-1180,5,0
P01-1017,2,0
P06-1091,14,0
P05-1073,14,0
P04-1014,2,0
P09-1042,0,0
W08-2123,6,0
N04-1025,8,0
P03-1002,5,1
P01-1067,13,0
N03-1003,3,1
C02-2025,9,0
P09-1040,11,1
J97-1003,1,1
P03-1071,6,0
C94-2174,0,1
P99-1048,8,0
D07-1077,0,1
P08-1108,19,0
W04-3207,5,0
A97-1029,7,1
P99-1016,6,0
W02-0902,18,0
W05-0904,7,0
J98-2001,2,0
C96-1005,18,0
H01-1035,14,0
N06-1003,7,0
P02-1060,18,0
C88-2147,3,0
C02-1150,7,0
P93-1002,13,0
P03-1019,16,0
W04-2705,8,0
N04-1023,7,0
H91-1060,4,1
P07-1031,15,0
J96-1001,17,0
W04-2705,3,0
P02-1050,2,1
D11-1141,11,0
D08-1016,12,0
P07-1031,2,0
P08-2007,11,0
N07-1011,18,0
C96-1079,9,1
D09-1030,16,0
W06-3808,12,0
W01-1313,5,1
W02-0301,1,0
J08-1001,16,0
E06-1031,8,0
N09-2004,10,0
J94-2003,6,0
P01-1067,2,0
C96-1021,18,0
P03-1009,8,0
P99-1004,11,0
W02-0505,5,0
P99-1068,10,0
W04-3212,14,0
P05-1066,19,0
W05-1506,5,0
W08-2102,14,0
P09-1057,1,0
W03-0301,14,0
J94-3001,12,0
P08-1004,11,0
E06-1002,5,0
W02-2026,1,1
D07-1101,7,0
P09-1113,5,0
W04-3237,6,0
P09-1104,3,0
D10-1044,8,0
W99-0612,1,0
D12-1133,3,0
P05-1065,18,0
W02-2026,6,0
J90-2002,17,0
J90-1004,10,0
P07-1091,11,0
P05-1077,5,0
P07-1036,17,0
N06-1011,4,0
P06-2006,13,0
P08-1068,11,0
P06-1067,2,0
H93-1052,9,1
P03-1011,10,0
W01-0511,4,0
C00-2136,14,0
P09-1116,17,0
J99-4005,18,0
C96-1005,1,1
P07-1003,0,0
W04-3201,0,0
N10-1020,5,0
P04-1077,19,1
D07-1061,13,0
P00-1027,1,0
P97-1003,0,0
W95-0105,2,0
W02-2024,3,1
W04-3205,5,0
C96-1079,3,0
D08-1068,17,0
W96-0208,7,0
J08-4003,5,0
P91-1017,3,0
C00-2137,6,1
D07-1071,6,0
W09-0441,13,0
P03-1012,17,0
W04-0803,4,1
P02-1038,18,0
W98-1115,13,0
W10-2805,19,0
P07-1030,11,0
W02-1001,13,0
N06-1039,13,1
C00-2137,15,0
C92-3126,6,0
D07-1043,2,0
P10-1052,16,0
A00-2009,9,0
D08-1011,8,0
P02-1031,2,0
W07-0733,19,0
P04-1054,4,0
P04-1085,15,0
W11-1901,13,0
D07-1111,18,0
W00-0726,11,0
J03-1005,16,0
P10-1146,11,0
P87-1015,5,1
H93-1052,11,0
J95-4004,18,1
W02-1006,7,0
P99-1068,11,0
N03-1020,3,0
J01-3003,8,0
C04-1180,11,0
P03-1009,17,0
A92-1018,4,0
W02-1011,3,0
E99-1023,2,0
W04-2406,11,0
W00-1201,10,1
J10-3003,12,0
P02-1035,13,0
W00-1308,17,0
J03-3005,6,1
P03-1001,16,0
P89-1009,18,0
C04-1024,7,0
P03-1011,11,0
P03-1011,4,0
C04-1072,4,1
W06-2932,12,0
P06-1134,0,0
P01-1067,5,0
W09-0441,0,1
P85-1018,9,0
A00-2004,13,0
W06-2501,1,0
A00-1031,1,0
J07-3004,10,0
H05-1073,3,1
J91-1003,0,1
P05-1033,18,0
N03-1033,18,1
E06-1051,16,0
W94-0319,9,0
J05-1003,3,0
P99-1041,8,0
P04-1036,3,0
P03-1011,5,0
J05-4003,9,0
P06-1043,10,0
W00-1303,11,0
N04-4015,11,0
D09-1005,11,0
W07-0733,9,1
W09-0424,14,0
W97-0311,0,0
H05-1044,11,0
J96-1001,7,0
W06-1606,5,0
P91-1023,11,0
J01-3003,17,0
J00-2004,19,0
P07-1056,17,0
H91-1060,3,1
P07-1028,9,0
P06-1095,18,0
J10-4006,3,0
P09-1104,8,0
P02-1018,0,0
W06-1616,3,0
D09-1058,7,1
D08-1011,9,0
H01-1035,18,0
N13-1090,3,0
W04-3103,12,0
E06-1027,5,0
P94-1013,9,1
C08-1022,2,0
P07-1036,2,0
W00-1401,13,0
C02-1139,16,0
N07-1047,12,0
A94-1009,5,0
A97-1039,0,0
N03-1017,10,0
P05-1017,13,0
C02-1150,9,0
W04-3111,8,1
P98-1012,7,0
P06-1011,2,1
W04-3239,9,0
D07-1043,15,0
N04-1016,11,0
W07-1401,16,0
W07-2018,1,1
W02-2016,16,0
E06-1015,5,0
D09-1005,7,0
W07-0718,6,0
P02-1062,17,1
W04-3237,12,0
J07-4004,11,0
A97-1039,2,0
P11-1038,9,0
W04-3213,16,0
P96-1024,7,0
W99-0612,19,0
P06-1124,10,0
P02-1038,16,0
J07-2003,4,0
N04-4026,1,0
W01-1605,10,0
J02-1002,8,1
J01-4004,13,0
W04-1013,5,0
P95-1037,13,0
P06-1009,0,0
P85-1008,13,0
S10-1010,6,1
J93-1007,16,0
P05-1047,7,0
N09-1041,3,0
J98-2002,14,0
P91-1022,9,0
P02-1033,15,1
D07-1103,9,0
E03-1005,6,0
P03-1004,9,0
A94-1009,11,0
N06-1041,16,0
A94-1016,0,0
E09-1013,16,0
P03-1003,8,0
C94-2174,8,0
W00-1401,2,0
P06-1123,16,0
W06-1203,12,0
N01-1021,2,0
P02-1017,7,0
J00-4003,9,0
W04-3230,12,0
P85-1018,4,0
P06-1011,10,0
N06-1025,18,1
W01-0513,9,0
J05-1004,14,1
J97-3003,11,1
J02-1002,17,0
W02-1018,0,0
P96-1027,8,0
P02-1019,17,0
C04-1197,2,0
N04-1016,5,0
C02-1011,2,0
P07-1032,12,0
H05-1091,2,0
W01-0513,2,1
P96-1042,4,0
E06-1032,6,0
W03-1011,9,0
E06-1051,14,0
P00-1065,8,0
E06-1043,3,0
P06-1032,2,0
C96-1058,10,0
P83-1020,0,0
N01-1016,19,0
P06-1134,4,0
E06-1043,0,0
J93-1004,10,0
N06-1014,0,0
C02-1139,19,0
W00-0403,9,0
P08-1084,6,0
P89-1002,2,0
P98-1013,3,0
C02-1114,9,0
N09-2004,6,0
W99-0604,4,1
C10-1152,7,0
J08-4003,9,0
J98-3005,8,0
P05-1012,12,0
D09-1101,9,0
C00-2136,19,0
P98-1029,5,0
P85-1008,14,0
W02-1028,7,0
W02-1039,4,0
P99-1008,4,1
A94-1016,10,0
P05-1011,16,0
N09-1009,8,1
P06-1010,3,0
N06-1003,19,0
A00-2004,8,0
W04-3212,5,0
W04-3247,14,0
D08-1011,16,0
P07-1059,2,0
W04-1221,12,0
J96-1002,5,0
P01-1019,6,0
P08-1085,2,0
J93-2004,11,1
W97-0703,19,0
C02-1011,8,0
P06-1085,12,0
P90-1034,13,0
P09-2004,0,0
D07-1071,2,0
P03-1029,8,0
J04-4004,11,0
P05-1057,14,0
P08-1028,18,0
P03-1019,18,0
P06-2006,18,0
W04-3207,7,0
P94-1019,0,0
W02-0817,2,0
P89-1009,0,0
N04-1001,8,0
W09-0401,12,1
W01-0513,8,0
W00-1308,18,0
J93-1003,16,0
N06-1041,6,0
W03-1719,1,1
W04-3247,16,0
P09-1116,5,0
N06-1039,8,0
S10-1011,6,0
J01-2004,10,0
P05-1057,6,0
P07-1096,10,0
I05-3025,3,0
P97-1003,10,0
P02-1043,9,0
W05-1513,0,0
J90-2002,18,0
C04-1111,6,1
A97-1004,11,0
D12-1050,3,0
W99-0604,16,0
P02-1047,3,0
N09-1036,2,0
P97-1023,17,0
P04-1014,16,0
J90-1004,14,0
C10-2028,2,0
J01-4004,14,1
W04-1013,14,0
W97-0209,5,0
H92-1045,12,0
P09-1116,15,1
W03-1809,9,0
P07-1034,12,0
P05-1017,19,0
P07-1123,10,0
P98-2173,5,0
W04-2609,19,0
D08-1059,8,0
N06-1058,17,0
C94-1027,13,1
P07-1123,12,0
D11-1142,7,1
P06-1005,2,1
P03-2041,2,0
J92-1001,3,0
W00-0712,10,0
W04-1221,7,0
W03-1014,6,1
P05-1057,3,0
N06-1025,17,1
J98-2001,17,0
P06-1067,19,0
W02-1018,12,0
W02-1210,14,0
P87-1022,3,0
W93-0301,4,1
W04-0308,7,0
C08-1114,7,0
J10-3003,11,0
I05-3017,15,0
P05-1017,9,0
I05-3025,8,1
P06-1124,8,0
P07-1034,18,0
N06-1033,10,0
P09-1057,10,0
P07-1056,0,0
A92-1021,5,0
P09-1040,2,0
P97-1003,8,0
W05-1203,4,0
N07-1038,11,0
D07-1103,6,0
P05-1001,0,0
P06-1009,9,0
J04-3002,10,0
D08-1027,0,0
P10-1052,5,0
N09-1003,10,0
J09-3003,11,0
W04-3230,10,0
W09-0441,2,0
N06-1056,13,0
H01-1035,6,0
P96-1021,15,0
C04-1100,14,0
W03-0425,17,0
A88-1019,1,0
P06-1085,3,0
P01-1064,1,0
P04-1014,0,0
C04-1051,19,0
N03-1020,2,0
W06-3808,2,0
P99-1071,11,1
P10-2041,9,0
W00-0712,3,0
P02-1018,9,0
P02-1014,8,0
P06-1038,13,1
P04-1085,16,0
A97-1004,19,0
D07-1096,0,0
W09-0401,3,1
W00-0717,10,0
P09-1019,2,0
N01-1006,19,0
W04-3230,7,0
E09-1005,3,0
J03-1005,2,0
P05-3026,3,1
P06-1121,12,0
P93-1001,1,0
W97-0301,5,0
P02-1022,15,0
E06-1027,10,0
J86-3001,18,0
P11-2031,12,0
N06-1011,5,0
D09-1092,12,0
P04-1056,4,0
P93-1024,3,0
C00-2136,3,0
J93-1003,4,1
W04-3207,6,0
C00-2137,3,0
D11-1141,5,1
P93-1002,1,0
P08-1024,8,0
J06-3003,0,0
P07-1106,17,0
S10-1011,0,0
P03-1051,14,0
H93-1052,19,0
P99-1008,7,0
P03-2026,11,0
J96-2004,7,0
C08-1114,1,0
J90-1003,6,0
N07-1047,7,0
N04-1035,18,0
P05-1033,13,0
D08-1016,6,1
W09-0401,10,0
P06-1055,10,0
J02-3001,1,0
W02-0505,7,0
P05-1001,15,0
P03-1056,14,0
H93-1061,5,0
P04-1077,5,0
J94-4004,5,0
P93-1002,11,0
W03-0428,1,0
J03-1005,9,0
W06-1607,6,0
H91-1026,16,0
J02-3001,5,0
J94-4004,12,0
J91-4003,14,0
P87-1033,4,0
P06-1101,5,0
W08-2102,5,0
P03-1001,4,0
C04-1072,12,0
N03-1020,4,0
N01-1021,14,0
W03-1028,5,0
J96-1001,13,0
N10-1013,12,0
W02-1018,8,0
C88-2147,4,0
J99-3001,10,0
D07-1103,18,0
J99-4005,6,0
A97-1004,4,0
H05-1066,6,1
N10-1056,2,0
A00-2031,13,0
W07-2009,19,0
P07-1123,5,0
W09-1105,0,0
E06-1043,13,0
C94-1042,12,0
N04-1014,19,1
D09-1092,8,0
W04-3250,2,0
P08-2012,18,1
A97-1029,11,0
J00-1004,3,0
W96-0213,17,0
P05-1018,15,0
N04-3012,9,0
P10-1001,3,0
J04-4002,12,0
P84-1018,2,0
W04-2406,13,0
N04-3012,3,0
P07-1056,16,1
W04-0308,4,0
P02-1062,16,0
D09-1098,17,0
W05-0625,9,0
W03-0419,10,0
P99-1008,10,0
W09-0432,10,0
D08-1035,8,0
W09-1401,1,1
P84-1075,2,0
P02-1018,3,0
D09-1127,15,0
D08-1089,13,0
D07-1077,10,1
P04-1056,11,0
J98-2002,11,0
C90-3045,2,0
C02-1139,1,0
P98-2182,4,0
P08-1085,12,0
P08-1101,4,1
P85-1011,0,1
P05-1022,6,0
P02-1017,19,0
P11-1020,1,0
C02-1139,15,0
C04-1010,16,0
W95-0107,4,0
W03-0404,11,0
P08-1085,18,0
P00-1016,7,0
P90-1034,6,0
W04-3219,0,0
P08-1088,14,0
C02-1011,15,0
W04-3212,11,0
W05-1506,14,0
N09-1036,18,0
D07-1074,4,0
W04-3212,1,0
J07-2003,18,0
P97-1063,13,1
D09-1092,11,0
J02-1003,8,0
A97-1004,9,0
W06-1616,12,0
W07-0717,3,0
J08-2002,4,0
N03-1028,10,0
N01-1024,14,0
P08-1109,10,0
P02-1050,11,0
N04-1015,16,1
P96-1041,6,1
W03-0404,12,0
P02-1040,4,0
W06-3119,0,0
J90-1004,2,0
A00-1043,4,0
I05-3027,10,0
J07-2003,1,0
H05-1043,18,0
P09-1011,9,1
J03-3005,13,0
P06-1004,18,1
J93-3003,8,0
D08-1016,5,1
W03-0301,19,0
W00-0403,3,0
W94-0319,1,0
P00-1041,10,0
P99-1059,1,0
P99-1008,3,0
J92-1001,6,1
J93-2005,10,0
W04-3237,0,0
P08-1102,0,0
P97-1013,9,0
C02-2025,4,0
P11-1019,13,0
J08-4004,10,1
P06-2014,5,0
P06-1095,6,0
J93-2002,7,0
N04-1019,15,1
W02-2018,5,0
C10-1152,18,0
P03-1009,6,0
D08-1083,14,0
J95-2003,7,1
P05-1066,4,0
J93-2003,11,0
P06-1104,13,0
W08-2123,0,0
P09-1068,4,0
N06-2013,14,1
P08-1088,18,0
P11-1038,1,1
P06-1067,5,0
P06-1043,1,0
W02-1502,10,0
P07-1031,8,0
H92-1045,7,0
W00-0726,10,1
J95-4004,9,0
P03-1012,4,1
A00-2018,13,0
P09-1057,4,0
P00-1010,10,0
N09-2004,8,0
W02-0603,5,0
P89-1009,13,0
P05-1020,3,1
D08-1082,18,1
J04-2003,3,0
P02-1001,18,0
P05-1034,12,0
P13-1045,0,0
A00-2004,17,0
J00-1004,13,0
N07-1051,3,0
J86-3001,17,0
P03-1058,16,0
W95-0103,2,0
W09-1401,15,0
J98-2001,9,0
P03-1069,10,0
C96-2141,14,0
P05-1066,2,0
W08-0336,2,0
P10-4002,12,0
P06-1085,7,0
W04-3250,17,0
H91-1060,17,0
D08-1024,0,1
P03-1009,7,0
D08-1031,1,0
W02-1028,18,1
E09-1005,8,0
D11-1142,19,0
W08-2123,19,0
D10-1001,14,0
D11-1141,13,0
A00-1043,10,1
P08-1109,18,0
P99-1032,2,0
P96-1011,14,1
A94-1009,8,0
J94-4003,1,0
P02-1053,0,0
W03-1730,4,1
P98-2173,9,0
D07-1076,18,0
N06-1056,9,0
P98-2182,8,0
P06-1011,0,0
D08-1020,14,0
D09-1092,1,0
C90-3045,9,0
P86-1031,1,1
N06-1033,0,0
P04-1015,12,0
W04-3111,5,0
P99-1041,9,0
W95-0107,5,1
W06-0301,16,0
J98-2001,6,0
W02-2024,2,0
D09-1058,18,0
P11-1098,8,0
J01-2001,4,0
W96-0213,14,1
W09-1105,13,1
W02-2024,5,0
P06-2101,18,0
W07-1401,18,0
P93-1024,6,0
P93-1023,3,0
J06-3003,14,0
W02-2018,0,0
P06-1121,2,0
P06-1115,7,0
P11-1098,2,0
N03-1003,11,0
N01-1024,8,0
P04-1005,14,0
P87-1015,1,0
P98-1035,6,0
D07-1104,1,0
W10-3001,0,0
